insert into J_TOUR values (1,'Campagne 2013/2014','2013/2014',1);

insert into J_SUPPLIER values (1,'C09106','Fournisseur COO PAL','COO PAL',1);

insert into J_LOCALIZATION(id,NAME,DESCRIPTION,VERSION) values (1,'ABIDJAN','Ville Abidjan',1)
								  ,(2,'DALOA','Ville Daloa',1)
								  ,(3,'GAGNOA','Ville de Gagnoa',1);
								 

--J_FIRMS(ID,DEALERCODE,NAME,PRICECOCOAANALYSIS,PRICECOFFEEANALYSIS,PRODUCTWEIGHTBAG,VERSION)
insert into J_FIRM values (1,'CQ05','KMS',855,855,70,1);

--J_ROLE(ID,DESCRIPTION,NAME,VERSION)
insert into J_ROLE values (1,'Administrateur','ROLE_ADMIN',1),
						  (2,'Chef Usine','ROLE_FACTORY_MANAGER',1),
						  (3,'Agent','ROLE_FACTORY_AGENT',1),
						  (4,'Superviseur','ROLE_SUPERVISOR',1);
						  
--J_USER
INSERT INTO J_USER VALUES (250,'agahfranckjanel@yahoo.fr','Franck Janel','AGAH','7297aa334c4d70e3c71ae72a5dae5ddf180c456d8e3da50d5854e2162389347f','08 74 39 52','ADMINISTRATEUR','admin',4),
						  (251,'agahfranckjanel@yahoo.fr','Gervais','Andoh','7297aa334c4d70e3c71ae72a5dae5ddf180c456d8e3da50d5854e2162389347f','08 74 39 52','SUPERVISEUR','gervando',4);
							
--J_ROLE_J_USER(JROLE_ID,USERS_ID)							
insert into  J_ROLE_J_USER values (1,250),(4,251);

--J_USER_J_ROLE(JUSER_ID,ROLES_ID)							
insert into  J_USER_J_ROLE values (250,1),(251,4);

--J_USER_J_FIRMS(JUSER_ID,COMPANIES_ID)
insert into  J_USER_J_FIRM values (250,1),(251,1);

--J_FIRMS_J_USER
insert into  J_FIRM_J_USER values (1,250),(1,251);

insert into J_FACTORY(id,NAME,version,CODE) values 
(1,'STOCACI',1,'UA01'),
(3,'ADM COCOA (ANYAMA)',1,'UA02'),
(4,'UNICAO.SA',1,'UA03'),
(5,'ARMAJARO',1,'UA04'),
(7,'NOVEL EX CHAN',1,'UA05'),
(8,'VRIDI II BASE EMPOTAGE',1,'UA06'),
(9,'STATION CIPEXI',1,'UA07'),
(10,'COTON RAN',1,'UA08'),
(11,'T6-SDV',1,'UA09'),
(12,'SUV/SITP',1,'UA10'),
(13,'CAP Sarl',1,'UA11'),
(14,'CAFCI',1,'UA12'),
(15,'CAFCO-CI',1,'UA13'),
(16,'SCIPAV 1',1,'UA14'),
(17,'SCIPAV 2',1,'UA15'),
(18,'CARGILL EX MICAO',1,'UA16'),
(19,'CEMOI',1,'UA17'),
(20,'CENTRAL INDUSTRIE',1,'UA18'),
(21,'CIPEXI	CIPEXI',1,'UA19'),
(22,'COEX CI USINE',1,'UA20'),
(23,'CONDICAF',1,'UA21'),
(24,'USINE DAFCI (Vridi 2)',1,'UA22'),
(25,'EBURNEA',1,'UA23'),
(26,'CAISTAB',1,'UA24'),
(27,'GLOBAL MANNUTENTION',1,'UA25'),
(28,'IVCAO',1,'UA26'),
(29,'ICC GROUP',1,'UA27'),
(30,'BASE LOGISTIQUE MANTRA',1,'UA28'),
(31,'EXIMAT 3',1,'UA29'),
(32,'CFS 4',1,'UA30'),
(33,'CFS 1',1,'UA31'),
(34,'NESTLE ZONE 4',1,'UA32'),
(35,'GEODIS',1,'UA33'),
(36,'OUTSPAN DIRECTION',1,'UA34'),
(37,'OUTSPAN(IPN)',1,'UA35'),
(38,'ACIT I ET ACIT II',1,'UA36'),
(39,'USINE SACO VRIDI',1,'UA37'),
(42,'SACO ZONE 4',1,'UA38'),
(43,'INVEST LOGISTIQUE',1,'UA39'),
(45,'SIFCA COOP',1,'UA40'),
(46,'PAC1',1,'UA41'),
(47,'CHOCODI',1,'UA42'),
(48,'TNCI',1,'UA43'),
(49,'TORICAF 1',1,'UA44'),
(50,'TORICAF 2',1,'UA45'),
(51,'U.INTER CC-CI',1,'UA46'),
(52,'AKEM AMS-TEC COMMODITIES',1,'US01'),
(53,'ATMC',1,'US02'),
(54,'GRAND MAGASIN BOLLORE',1,'US03'),
(55,'SEPBA',1,'US04'),
(56,'PONT SDV 1',1,'US05'),
(57,'SUV',1,'US06'),
(58,'CARGILL WEST AFRICA',1,'US07'),
(59,'SIMAT USINE 2',1,'US08'),
(60,'CENTRAL INDUSTRIE',1,'US09'),
(61,'CIPEXI',1,'US10'),
(62,'FORAGRI',1,'US11'),
(63,'GLOBAL MANUTENTION',1,'US12'),
(64,'OMAIS 2',1,'US13'),
(65,'MAERSK',1,'US14'),
(66,'NOSACC',1,'US15'),
(67,'OUTSPAN',1,'US16'),
(68,'SACO SCIPAV',1,'US17'),
(69,'SACO CGPP',1,'US18'),
(70,'SACO TROPIVAL',1,'US19'),
(71,'SACO ODIKA',1,'US20'),
(72,'SACO',1,'US21'),
(75,'SAF CACAO',1,'US22'),
(76,'SIMAT USINAGE  1',1,'US23'),
(77,'SUCSO SA',1,'US24'),
(78,'SUTRAPEX',1,'US25'),
(79,'TOUTON USINE',1,'US26'),
(80,'UNICO',1,'US27'),
(81,'UPACI',1,'US28');

insert into J_BRIDGE(id,CODE,NAME,version,FACTORY_id) values

(1,'UA3001','UA3001',1,32),
(2,'UA3101','UA3101',1,33),
(3,'UA3201','UA3201',1,34),
(4,'UA3301','UA3301',1,35),
(5,'UA3401','UA3401',1,36),
(6,'UA3501','UA3501',1,37),
(7,'UA3601','UA3601',1,38),
(8,'UA3701','UA3701',1,39),
(9,'UA3702','UA3702',1,39),
(10,'UA3703','UA3703',1,39),
(11,'UA3801','UA3801',1,42),
(12,'UA3901','UA3901',1,43),
(13,'UA4001','UA4001',1,45),
(14,'UA4002','UA4002',1,45),
(15,'UA4101','UA4101',1,46),
(16,'UA4201','UA4201',1,47),

(17,'UA4301','UA4301',1,48),
(18,'UA4401','UA4401',1,49),
(19,'UA4501','UA4501',1,50),
(20,'UA4601','UA4601',1,51),

(22,'US0101','US0101',1,52),
(23,'US0201','US0201',1,53),
(24,'US0301','US0301',1,54),
(25,'US0401','US0401',1,55),
(26,'US0501','US0501',1,56),
(27,'US0601','US0601',1,57),
(28,'US0701','US0701',1,58),
(29,'US0801','US0801',1,59),
(30,'US0901','US0901',1,60),
(31,'US1001','US1001',1,61),
(32,'US1101','US1101',1,62),
(33,'US1201','US1201',1,63),
(34,'US1301','US1301',1,64),
(35,'US1401','US1401',1,65),
(36,'US1501','US1501',1,66),
(37,'US1601','US1601',1,67),
(38,'US1701','US1701',1,68),
(39,'US1801','US1801',1,69),
(40,'US1901','US1901',1,70),
(41,'US2001','US2001',1,71),
(42,'US2101','US2101',1,72),
(43,'US2201','US2201',1,75),
(44,'US2202','US2202',1,75),
(45,'US2203','US2203',1,75),
(46,'US2301','US2301',1,76),
(47,'US2401','US2401',1,77),
(48,'US2501','US2501',1,78),
(49,'US2601','US2601',1,79),
(50,'US2701','US2701',1,80),
(51,'US2801','US2801',1,81);

insert into J_EXPORTER (id,CODE,NAME,version)
values
(1,'006','DAFCI',	1),
(2,'010','CIPEXI',	1),
(3,'014','SAT SA',	1),
(4,'017','CEMOI TRADING',	1),
(5,'023','CEMOI CI',	1),
(6,'025','AFRECO',	1),
(7,'044','SACO',	1),
(8,'070','SACO',	1),
(9,'086','UNICAO SA',	1),
(10,'102','TOUTON NEGOCE COTE D\'IVOIRE',	1),
(11,'112','OUTSPAN IVOIRE',	1),
(12,'119','BARRY CALLEBAUT NEGOCE',	1),
(13,'123','AIT SA',	1),
(14,'129','CARGILL WEST AFRICA',	1),
(15,'131','PRONIBEX CI',	1),
(16,'134','COCAF IVOIRE',	1),
(17,'135','ZAMACOM SA',	1),
(18,'136','GAD CONTINENTAL',	1),
(19,'139','ICCOOP',	1),
(20,'146','CARGILL COCOA SARL',	1),
(21,'150','ADM COCOA SIFCA',	1),
(22,'152','SOCATENE',	1),
(23,'154','SIFCA COOP',	1),
(24,'156','ARMAJARO NEGOCE',	1),
(25,'159','COOPACDI',	1),
(26,'160','COOPAAI',	1),
(27,'167','COOPERATIVE AGRICOLE GRAND CHANTIER',	1),
(28,'171','CAFCACI SA',	1),
(29,'178','SUCSO SA',	1),
(30,'181','COKAGNAN',	1),
(31,'191','CAVRA',	1),
(32,'196','CPCM',	1),
(33,'202','AGRIMEX SA',	1),
(34,'203','COOPERATIVE AGRICOLE DE BONON',	1),
(35,'205','COOPAAAKO EXPORT',	1),
(36,'206','COOPADIS',	1),
(37,'208','DIKOUEU',	1),
(38,'209','DINCOMCI',	1),
(39,'216','CAT EXPORT',	1),
(40,'221','COEX CI',	1),
(41,'222','SAF CACAO',	1),
(42,'223','SIACO',	1),
(43,'224','CACOCI',	1),
(44,'226','ECOOKIM',	1),
(45,'227','SNCO INTERCOM',	1),
(46,'232','COOPAKK',	1),
(47,'234','CABF',	1),
(48,'236','CPCPA',	1),
(49,'238','ATMC SA',	1),
(50,'239','CONDICAF SA',	1),
(51,'241','COPAEB',	1),
(52,'242','ECOOPAD',	1),
(53,'248','IVCAO',	1),
(54,'250','SN CHOCODI',	1),
(55,'251','TROPICAO SA',	1),
(56,'254','CAY WANDA',	1),
(57,'256','COOPABA',	1),
(58,'260','SOCIETE DE NEGOCE CAFE CACAO',	1),
(59,'262','CHOCO-IVOIRE SA',	1),
(60,'263','HELIOS EXPORT',	1),
(61,'264','NOVEL COTE D\'IVOIRE SA',	1),
(62,'265','SDTM CI',	1),
(63,'267','SONEMAT SA',	1),
(64,'269','SOCIETE DE COMMERCIALISATION CAFE CACAO',	1),
(65,'270','SOCIETE IVOIRIENNE DES DERIVES DU CACAO',	1),
(66,'272','CABOHGA',	1),
(67,'274','COOPERATIVE NOUVEL ESPRIT DE KETESSO',	1),
(68,'278','UNION DES COOPERATIVES DE SAN PEDRO',	1),
(69,'279','OMNI VALUE',	1),
(70,'281','IVOIRE COMPAGNIE DE CACAO S.A',	1),
(71,'282','MIRAL',	1),
(72,'283','CAKHS',	1),
(73,'284','COOABAS',	1),
(74,'285','COOPACAZ',	1),
(75,'286','COOPARA',	1),
(76,'287','COOPRADI',	1),
(77,'289','SOCOS',	1),
(78,'290','FORAGRI SA',	1),
(79,'291','COOPERATIVE AGRICOLE DE SASSANDRA',	1),
(80,'292','TAN IVOIRE SA',	1),
(81,'293','CONFISERIE UNIES AFRIQUE',	1),
(82,'294','CAFCO-CI',	1),
(83,'295','UNION INTER REGIONALE VICTOIRE',	1),
(84,'296','ACC',	1),
(85,'297','AGRICOM',	1),
(86,'298','2CICS SA',	1),
(87,'299,','CINDURA',	1),
(88,'300','ETCCI SARL',	1),
(89,'301','GCOMCI',	1),
(90,'302','GGTCI-SA',	1),
(91,'303','GREEN & BROWN COMMODITIES',	1),
(92,'304','RENCO',	1),
(93,'305','SUCDEN-CI',	1),
(94,'306','CACW',	1),
(95,'307','CAGRAAS',	1),
(96,'308','CASAH',	1),
(97,'309','CASBO',	1),
(98,'310','CONACY',	1),
(99,'311','COOPABEM',	1),
(100,'312','COOPAGRIG',	1),
(101,'313','COOPAGY',	1),
(102,'314','COOPAGY',	1),
(103,'315','CPVB',	1),
(104,'316','ECOOPAAG COMMODITIES',	1),
(105,'317','ECPAD',	1),
(106,'318','UNACACC-CI',	1),
(107,'319','UPAMCI',	1),
(108,'320','SIVECCO',	1),
(109,'321','CAASI',	1),
(110,'322','CAGO',	1),
(111,'323','CAPODU',	1),
(112,'324','COOPALF',	1),
(113,'325','U.INTER.CC.CI',	1),
(114,'326','AGRO EXPORT',	1),
(115,'327','IVORY COCOA PRODUCT',	1);
